ID,Label
Abercrombie,Abercrombie
Alex,Alex
Alexander,Alexander
Alice,Alice
Andy,Andy
Anna,Anna
Ashley,Ashley
Bankers,Bankers
Bar Patron,Bar Patron
Basketball Team,Basketball Team
Bevin,Bevin
Billy,Billy
Brooke,Brooke
Carrie,Carrie
Chase,Chase
Cheerleader,Cheerleader
Chris,Chris
Chuck,Chuck
Chuck's Dad,Chuck's Dad
Chuck's Mom,Chuck's Mom
Cinnamon,Cinnamon
Clay,Clay
Club Guy,Club Guy
Club Patron #1,Club Patron #1
Club Patron #2,Club Patron #2
Conrad,Conrad
Cooper,Cooper
Damien,Damien
Dan,Dan
Dan's Henchman,Dan's Henchman
Darby,Darby
Daunte,Daunte
Daunte & Bear,Daunte & Bear
David,David
Deb,Deb
Dimitri,Dimitri
Drug Dealer,Drug Dealer
Erica,Erica
Fan,Fan
Felix,Felix
Fergie,Fergie
Gabe,Gabe
Gigi,Gigi
Girls,Girls
Greg,Greg
Greg's friend,Greg's friend
Grubbs,Grubbs
Haley,Haley
Ian,Ian
Jack,Jack
Jake,Jake
Jamie,Jamie
Jason,Jason
Jerome,Jerome
Jimmy,Jimmy
Jimmy's mom,Jimmy's mom
Jock,Jock
Josh,Josh
Jules,Jules
Julian,Julian
Junk,Junk
Karen,Karen
Katie,Katie
Keith,Keith
kid on bus #1,kid on bus #1
kid on bus #2,kid on bus #2
kid on bus #3,kid on bus #3
kid on bus #4,kid on bus #4
Kylie,Kylie
Larry Sawyer,Larry Sawyer
Lauren,Lauren
Lindsey,Lindsey
Loud Drunk,Loud Drunk
Lucas,Lucas
Man on beach,Man on beach
Marcus,Marcus
Masonboro Player,Masonboro Player
Mayor Mullins,Mayor Mullins
Melody,Melody
Mia,Mia
Millicent,Millicent
Miranda,Miranda
Missy,Missy
Mouth,Mouth
Nathan,Nathan
Nick,Nick
Nick Lachey,Nick Lachey
Nicki,Nicki
Officer Burns,Officer Burns
Officer Stevens,Officer Stevens
Other Guy,Other Guy
Owen,Owen
Party kid #1,Party kid #1
Party kid #2,Party kid #2
Party kid #3,Party kid #3
Party kid #4,Party kid #4
Patty,Patty
person_1,max person_1
person_2,max person_2
Pete,Pete
Peter,Peter
Peyton,Peyton
Pharmacist,Pharmacist
Poker Players,Poker Players
Police Officer,Police Officer
Pony,Pony
Prostitutes,Prostitutes
Psycho Derek,Psycho Derek
Punch Guy,Punch Guy
Quentin,Quentin
Quinn,Quinn
Rachel,Rachel
Rachel's dealer,Rachel's dealer
Randy,Randy
Ravens Mascot,Ravens Mascot
Real Derek,Real Derek
Renee,Renee
Ronnie,Ronnie
Russ,Russ
Russ's friend,Russ's friend
Sam,Sam
Sara,Sara
Security Guard #1,Security Guard #1
Security Guard #2,Security Guard #2
Sergei,Sergei
Shelley,Shelley
Shelley's Ex,Shelley's Ex
Skills,Skills
Strip Club Server,Strip Club Server
Student #1,Student #1
Student #2,Student #2
Sue,Sue
Sylvia,Sylvia
Tara,Tara
Taylor,Taylor
Ted,Ted
Thug,Thug
Thug #2,Thug #2
Thug #3,Thug #3
Thug #4,Thug #4
Tim,Tim
Tina,Tina
TRIC patron #1,TRIC patron #1
Tric Patron #1,Tric Patron #1
TRIC patron #2,TRIC patron #2
Tric Patron #2,Tric Patron #2
Tric Patron #3,Tric Patron #3
Tric Patron #4,Tric Patron #4
Victoria,Victoria
Whitey,Whitey
Woman on beach,Woman on beach
Xavier,Xavier
Zombie bridesmaid #1,Zombie bridesmaid #1
Zombie bridesmaid #2,Zombie bridesmaid #2
Zombie bridesmaid #3,Zombie bridesmaid #3
Zombie bridesmaid #4,Zombie bridesmaid #4
Zombie bridesmaid #5,Zombie bridesmaid #5
Zombie bridesmaid (unknown),Zombie bridesmaid (unknown)
Zoran,Zoran